episode,EV,states,epsilon
1,-10.526107325983066,12078,0.9970087504549047
1001,-10.635087135087137,12078,0.9940264484836504
2001,-16.87950103379208,12078,0.991053067321811
3001,-9.518802427828769,12078,0.9880885802850192
4001,-11.456338497417956,12078,0.9851329607687278
5001,-9.953233243242579,12079,0.9821861822479699
6001,-10.281167437452433,12079,0.9792482182771218
7001,-14.481308786616367,12079,0.976319042489665
8001,-10.435993052223623,12079,0.9733986285979498
9001,-10.632375736212001,12079,0.9704869503929597
10001,-10.645814027410635,12079,0.9675839817440759
11001,-11.460079560389158,12079,0.9646896965988424
12001,-12.073551534092108,12079,0.961804068982733
13001,-8.720270544434637,12079,0.9589270729989176
14001,-12.57672079907738,12079,0.95605868282803
15001,-10.918195195618429,12079,0.9531988727279361
16001,-10.678527828186013,12079,0.9503476170335033
17001,-12.908776501768813,12080,0.9475048901563694
18001,-10.56109692116089,12080,0.9446706665847135
19001,-10.059503544034346,12081,0.9418449208830271
20001,-11.530989410817847,12081,0.9390276276918854
21001,-12.386650529459498,12081,0.9362187617277201
22001,-8.3986513385046,12081,0.9334182977825923
23001,-8.991473502755241,12082,0.9306262107239665
24001,-13.622142886247733,12082,0.9278424754944846
25001,-10.364696292931587,12082,0.9250670671117416
26001,-10.84433803788377,12082,0.9222999606680609
27001,-10.716243061912479,12082,0.919541131330271
28001,-9.302973103520616,12082,0.916790554339483
29001,-8.49812152907057,12082,0.9140482050108673
30001,-10.004265878684484,12082,0.9113140587334333
31001,-12.354131717501815,12082,0.908588090969808
32001,-11.465140116231911,12082,0.9058702772560155
33001,-10.89315624057274,12082,0.9031605932012581
34001,-8.541279090885388,12082,0.9004590144876968
35001,-11.325274764522595,12083,0.8977655168702335
36001,-9.108548846353461,12083,0.8950800761762931
37001,-7.933498426456173,12083,0.8924026683056069
38001,-7.900662046970896,12083,0.8897332692299958
39001,-9.59355553375941,12083,0.8870718549931554
40001,-11.103956612045007,12083,0.8844184017104403
41001,-7.751411374193479,12083,0.88177288556865
42001,-9.241229515375338,12083,0.8791352828258153
43001,-8.88259343190627,12084,0.8765055698109854
44001,-9.847725971546227,12084,0.8738837229240147
45001,-7.344375154077362,12084,0.8712697186353521
46001,-8.352580490180802,12084,0.8686635334858287
47001,-10.80208784889636,12084,0.8660651440864483
48001,-8.55988478588499,12084,0.8634745271181767
49001,-7.220500702333086,12085,0.8608916593317331
50001,-8.703969015465976,12085,0.8583165175473807
51001,-9.034051344417836,12085,0.8557490786547193
52001,-10.582853032200005,12085,0.8531893196124776
53001,-7.573091814085288,12085,0.8506372174483066
54001,-8.61240042462709,12085,0.8480927492585731
55001,-8.498774843883961,12085,0.8455558922081547
56001,-9.440989867435084,12086,0.8430266235302344
57001,-9.641148809891723,12086,0.8405049205260963
58001,-9.481701832904573,12086,0.8379907605649222
59001,-9.70819828975441,12086,0.8354841210835883
60001,-10.610149720518928,12086,0.8329849795864627
61001,-10.562619087780728,12086,0.8304933136452034
62001,-10.07710812245126,12086,0.8280091008985575
63001,-8.88389124495097,12086,0.8255323190521598
64001,-9.427860873928054,12086,0.8230629458783336
65001,-12.550131560582379,12086,0.8206009592158903
66001,-8.659986193334278,12086,0.818146336969931
67001,-9.340192997111469,12086,0.8156990571116483
68001,-9.075399524019058,12086,0.8132590976781283
69001,-8.300559921783927,12086,0.8108264367721539
70001,-8.093513763762937,12086,0.808401052562008
71001,-8.528751780194453,12086,0.8059829232812773
72001,-10.034156534562793,12086,0.8035720272286576
73001,-9.430380279622103,12086,0.8011683427677586
74001,-8.643618902847091,12086,0.7987718483269097
75001,-7.797369315041012,12086,0.7963825223989669
76001,-8.444014200713235,12086,0.7940003435411191
77001,-6.482350055856102,12086,0.7916252903746962
78001,-9.570925947120426,12086,0.789257341584977
79001,-8.236300690202182,12088,0.7868964759209978
80001,-7.515703501844553,12088,0.784542672195362
81001,-7.760930542397145,12088,0.7821959092840497
82001,-10.269043397738024,12088,0.7798561661262283
83001,-6.872572274033374,12088,0.7775234217240634
84001,-7.1293380226311225,12088,0.7751976551425304
85001,-9.226212977194368,12088,0.7728788455092263
86001,-7.652163943979287,12088,0.770566972014183
87001,-8.701108183095254,12088,0.7682620139096801
88001,-8.438984776415031,12088,0.7659639505100587
89001,-7.979040883093799,12088,0.763672761191536
90001,-7.895576907185182,12089,0.7613884253920201
91001,-12.036917074404931,12089,0.7591109226109254
92001,-6.906227646526287,12089,0.7568402324089886
93001,-8.544561355838338,12089,0.7545763344080854
94001,-8.60719586157322,12089,0.7523192082910475
95001,-6.5252449494532865,12089,0.7500688338014804
96001,-6.745036808622707,12089,0.7478251907435816
97001,-8.614316243910224,12090,0.745588258981959
98001,-8.510548541667315,12090,0.7433580184414508
99001,-6.204094903603935,12090,0.7411344491069448
100001,-6.733378512685451,12090,0.7389175310231992
101001,-6.9591372315622335,12090,0.7367072442946632
102001,-6.1018620222644,12090,0.7345035690852983
103001,-8.232550092287434,12090,0.7323064856184011
104001,-8.273413530776148,12090,0.7301159741764247
105001,-9.178312471931275,12090,0.7279320151008026
106001,-7.8492405935172895,12090,0.725754588791772
107001,-8.679362554614817,12090,0.7235836757081978
108001,-7.380768654020673,12090,0.7214192563673972
109001,-6.767334938469725,12091,0.7192613113449653
110001,-7.774087350602497,12091,0.7171098212746
111001,-7.6378075172594055,12091,0.714964766847929
112001,-8.871401977934209,12091,0.7128261288143359
113001,-8.652027461665744,12091,0.710693887980788
114001,-6.301289633325439,12091,0.7085680252116635
115001,-9.414642574816488,12092,0.7064485214285801
116001,-6.545405310569419,12092,0.7043353576102236
117001,-7.07335196188325,12092,0.7022285147921774
118001,-7.999782159769653,12092,0.7001279740667523
119001,-10.224309612102394,12092,0.6980337165828167
120001,-7.778124925895829,12092,0.6959457235456271
121001,-8.225393065503606,12092,0.6938639762166602
122001,-7.530037740665715,12092,0.6917884559134441
123001,-6.869131385410455,12092,0.6897191440093908
124001,-6.486355900299965,12092,0.6876560219336292
125001,-5.541138335414338,12092,0.6855990711708382
126001,-8.32798101729622,12092,0.6835482732610806
127001,-7.098595769386106,12092,0.6815036097996376
128001,-7.992942469231077,12092,0.6794650624368437
129001,-6.362167705652222,12092,0.6774326128779213
130001,-9.7078307817083,12092,0.6754062428828175
131001,-7.671003253250264,12092,0.6733859342660397
132001,-7.90957123981638,12092,0.6713716688964928
133001,-5.963276318283303,12092,0.6693634286973162
134001,-8.103831881671303,12092,0.6673611956457219
135001,-7.455680165243829,12092,0.6653649517728324
136001,-6.552115697478017,12092,0.6633746791635196
137001,-7.438841792520636,12092,0.661390359956244
138001,-8.267318578173544,12093,0.6594119763428944
139001,-6.5263016991079414,12094,0.6574395105686283
140001,-6.07497693286858,12094,0.6554729449317122
141001,-7.471417134596922,12094,0.6535122617833629
142001,-6.210208915099713,12094,0.6515574435275892
143001,-6.995682118147902,12094,0.6496084726210338
144001,-5.965470220235085,12094,0.6476653315728161
145001,-5.938479245609524,12095,0.6457280029443749
146001,-8.969076218952575,12095,0.6437964693493122
147001,-7.794537180477453,12095,0.6418707134532371
148001,-6.971646898782547,12096,0.6399507179736101
149001,-5.446881389982661,12096,0.6380364656795882
150001,-7.921708470324059,12096,0.6361279393918698
151001,-7.228133077597843,12096,0.6342251219825414
152001,-5.099009273576454,12096,0.6323279963749231
153001,-6.730435994793884,12096,0.6304365455434155
154001,-5.371904807875908,12096,0.6285507525133474
155001,-8.200088471620578,12096,0.6266706003608224
156001,-5.8952072336284305,12096,0.6247960722125685
157001,-6.170622440659493,12096,0.6229271512457853
158001,-7.612115921190599,12096,0.6210638206879938
159001,-6.719519247474413,12096,0.6192060638168857
160001,-7.679702647734911,12096,0.6173538639601732
161001,-8.73931007948766,12096,0.6155072044954395
162001,-5.324614490909555,12096,0.6136660688499896
163001,-5.844210689096791,12096,0.6118304405007017
164001,-7.058258624456923,12096,0.6100003029738785
165001,-7.735651050859414,12096,0.6081756398450999
166001,-7.738683445660067,12096,0.6063564347390752
167001,-7.679320534117861,12096,0.6045426713294964
168001,-6.744794293093905,12096,0.6027343333388913
169001,-6.757352806198698,12096,0.6009314045384779
170001,-6.958005094727537,12096,0.5991338687480187
171001,-7.595664647360127,12098,0.5973417098356749
172001,-7.165174798189836,12098,0.5955549117178625
173001,-5.352192198943888,12098,0.5937734583591071
174001,-5.858516694476762,12098,0.5919973337719008
175001,-5.193277951805034,12098,0.5902265220165579
176001,-5.5530195587531646,12098,0.5884610072010726
177001,-6.775643356417119,12098,0.586700773480976
178001,-6.164636216467175,12098,0.584945805059194
179001,-6.980662439353975,12098,0.5831960861859052
180001,-6.773157280499828,12098,0.5814516011584002
181001,-4.547301130250584,12098,0.5797123343209402
182001,-6.480696997402139,12099,0.5779782700646164
183001,-7.246396907403215,12099,0.5762493928272107
184001,-6.180878898753912,12099,0.5745256870930548
185001,-7.316221942473805,12099,0.5728071373928921
186001,-4.7209886121437075,12099,0.5710937283037383
187001,-4.741043925499332,12100,0.569385444448743
188001,-6.8620990274656695,12100,0.5676822704970518
189001,-6.640025013436031,12100,0.5659841911636688
190001,-6.279427779807495,12100,0.5642911912093194
191001,-6.906140783214424,12100,0.5626032554403132
192001,-5.042231406377772,12101,0.5609203687084082
193001,-4.912197976316927,12101,0.5592425159106745
194001,-5.426501729649794,12101,0.5575696819893587
195001,-5.897181131086441,12102,0.5559018519317491
196001,-5.355620016359213,12102,0.5542390107700407
197001,-5.13235264992404,12102,0.5525811435812007
198001,-6.5486094590761965,12102,0.5509282354868351
199001,-4.446036169784697,12102,0.5492802716530549
200001,-7.344448157716601,12102,0.5476372372903429
201001,-4.992673599617886,12102,0.5459991176534209
202001,-5.829727732017927,12102,0.5443658980411177
203001,-5.952209183480898,12103,0.5427375637962367
204001,-6.496544821152725,12105,0.5411141003054251
205001,-7.717264863495219,12105,0.5394954929990418
206001,-4.830844178368496,12105,0.5378817273510274
207001,-6.0612916492404665,12105,0.5362727888787735
208001,-4.688086694627314,12105,0.5346686631429929
209001,-4.738605691457492,12105,0.5330693357475896
210001,-5.735496900386691,12105,0.5314747923395304
211001,-5.154498967608724,12105,0.5298850186087152
212001,-5.028745091889682,12105,0.5283000002878491
213001,-5.80397028019703,12105,0.5267197231523142
214001,-5.346127655524756,12105,0.5251441730200421
215001,-7.235147025782749,12105,0.5235733357513864
216001,-5.10789639040063,12105,0.522007197248996
217001,-6.694113624443998,12105,0.5204457434576885
218001,-4.211893070242849,12105,0.5188889603643239
219001,-6.402726153696984,12106,0.517336833997679
220001,-6.049106738029971,12106,0.5157893504283224
221001,-5.976576149867094,12106,0.5142464957684887
222001,-4.6519826589474125,12106,0.5127082561719544
223001,-5.6876883122123365,12106,0.5111746178339134
224001,-4.657211747221363,12107,0.5096455669908534
225001,-5.327605889559365,12108,0.5081210899204321
226001,-6.081985992403814,12108,0.5066011729413543
227001,-9.097976268547763,12108,0.5050858024132487
228001,-4.923955491217022,12109,0.503574964736546
229001,-4.922439545473926,12109,0.5020686463523564
230001,-4.6692317265362036,12109,0.5005668337423482
231001,-6.828973106985122,12109,0.4990695134286266
232001,-7.252652595617688,12109,0.4975766719736123
233001,-5.716210791371568,12109,0.49608829597992116
234001,-5.526175557598629,12110,0.4946043720902441
235001,-4.68701088788656,12110,0.493124886987227
236001,-4.268419779372527,12110,0.4916498273933513
237001,-4.80823059878568,12110,0.49017918007081474
238001,-4.6492733759959055,12110,0.48871293182141273
239001,-5.01406057244178,12110,0.4872510694864197
240001,-3.9659616373578834,12110,0.48579357994647127
241001,-6.024648769507193,12110,0.48434045012144616
242001,-7.728316926393393,12111,0.48289166697034913
243001,-6.109081412991527,12111,0.48144721749119374
244001,-4.270346982322451,12112,0.48000708872088577
245001,-5.546183959951209,12112,0.4785712677351069
246001,-4.897645633786178,12114,0.47713974164819856
247001,-5.351666678514175,12114,0.47571249761304646
248001,-4.17762698913856,12114,0.47428952282096526
249001,-5.770078878893625,12114,0.4728708045015836
250001,-4.313157612617845,12114,0.47145632992272934
251001,-5.506083968528886,12115,0.47004608639031564
252001,-5.533928316685658,12115,0.46864006124822677
253001,-5.443146202104347,12115,0.46723824187820456
254001,-6.051275060855595,12115,0.4658406156997352
255001,-6.035142222358772,12116,0.4644471701699365
256001,-5.206753517218493,12116,0.46305789278344484
257001,-4.570700875716295,12116,0.46167277107230353
258001,-4.771730443277342,12117,0.4602917926058506
259001,-4.346690777997012,12118,0.45891494499060725
260001,-5.204383374537243,12118,0.45754221587016664
261001,-5.366825256925979,12118,0.4561735929250831
262001,-3.8048219138382784,12118,0.45480906387276143
263001,-4.969320509249824,12118,0.4534486164673468
264001,-4.248757904245709,12118,0.4520922384996147
265001,-4.329906377807938,12118,0.4507399177968616
266001,-6.280376564163315,12118,0.44939164222279543
267001,-4.675235921742147,12118,0.44804739967742685
268001,-4.417126527686312,12118,0.4467071780969606
269001,-3.8785920747096676,12118,0.44537096545368726
270001,-4.151789526453909,12120,0.44403874975587526
271001,-5.604119114341641,12121,0.4427105190476633
272001,-5.534554266130007,12121,0.44138626140895304
273001,-4.291141476885087,12121,0.4400659649553022
274001,-5.106657386326498,12121,0.43874961783781774
275001,-4.683903664500109,12122,0.4374372082430496
276001,-5.006308311335197,12122,0.4361287243928848
277001,-4.15343875196818,12122,0.43482415454444157
278001,-4.086400322641706,12122,0.43352348698996407
279001,-3.5669395577200307,12122,0.4322267100567172
280001,-4.957939168728307,12122,0.430933812106882
281001,-5.034199611808885,12122,0.42964478153745106
282001,-5.471685688233472,12122,0.4283596067801246
283001,-4.199838904407629,12122,0.4270782763012063
284001,-5.171360688367222,12122,0.42580077860150023
285001,-4.895628033593899,12122,0.42452710221620726
286001,-4.698833543872324,12122,0.4232572357148224
287001,-4.56758471601592,12122,0.4219911677010321
288001,-5.085196791360074,12123,0.42072888681261217
289001,-4.492990895384844,12123,0.4194703817213255
290001,-3.5415981906217326,12123,0.4182156411328206
291001,-4.495857203983007,12123,0.4169646537865303
292001,-4.4058184294501475,12124,0.41571740845557054
293001,-4.361915645997782,12125,0.4144738939466396
294001,-8.185367449244385,12125,0.4132340990999178
295001,-3.6565482208842126,12125,0.4119980127889673
296001,-6.055058752289513,12125,0.41076562392063215
297001,-4.693719635234936,12125,0.40953692143493875
298001,-3.362966889756926,12125,0.40831189430499676
299001,-5.009283728570424,12125,0.40709053153689995
300001,-5.996974072359387,12125,0.40587282216962756
301001,-3.433852234463619,12125,0.4046587552749461
302001,-4.308920078933921,12126,0.40344831995731106
303001,-4.121263214614895,12126,0.4022415053537693
304001,-5.2537735412735405,12126,0.40103830063386137
305001,-4.420405110945499,12126,0.3998386949995245
306001,-4.766619474988114,12127,0.39864267768499567
307001,-7.298287221474643,12127,0.39745023795671486
308001,-3.4461550339640703,12127,0.3962613651132288
309001,-4.455948021926264,12127,0.395076048485095
310001,-5.112881623929307,12127,0.3938942774347859
311001,-5.559779488703099,12127,0.39271604135659344
312001,-5.709425288657822,12127,0.3915413296765339
313001,-3.6320194806531303,12127,0.39037013185225294
314001,-5.622030598393192,12127,0.3892024373729311
315001,-3.206347671773046,12127,0.38803823575918933
316001,-4.460665459441606,12127,0.38687751656299507
317001,-6.080402962784912,12127,0.3857202693675684
318001,-3.541906187001602,12128,0.38456648378728864
319001,-4.291960561903706,12128,0.383416149467601
320001,-4.098250236397802,12128,0.38226925608492385
321001,-3.4705156503121364,12128,0.3811257933465559
322001,-5.698460477964273,12128,0.3799857509905839
323001,-4.033137907252771,12128,0.37884911878579064
324001,-4.224603548630394,12128,0.37771588653156285
325001,-3.9533479475119764,12128,0.37658604405780005
326001,-3.5842844862205383,12128,0.3754595812248229
327001,-5.370691901185361,12128,0.3743364879232825
328001,-4.516178767151418,12128,0.3732167540740694
329001,-4.531781199418764,12128,0.3721003696282234
330001,-3.315675454903913,12129,0.3709873245668432
331001,-7.58958480430716,12130,0.36987760890099647
332001,-3.802579485284974,12131,0.36877121267163043
333001,-4.077412067631144,12132,0.36766812594948217
334001,-4.289849760293897,12132,0.36656833883498974
335001,-3.068472814941506,12132,0.3654718414582032
336001,-3.592275525098741,12132,0.3643786239786962
337001,-3.016381183742308,12132,0.3632886765854775
338001,-2.813790794135483,12132,0.3622019894969029
339001,-4.68210489598649,12132,0.3611185529605877
340001,-2.9237316510230626,12132,0.36003835725331884
341001,-3.545539830661047,12132,0.358961392680968
342001,-4.099914369993455,12132,0.35788764957840424
343001,-3.124780797922779,12132,0.3568171183094076
344001,-4.05812586055754,12133,0.35574978926658235
345001,-3.5080527234364105,12133,0.3546856528712709
346001,-3.2274496430082413,12133,0.35362469957346787
347001,-2.850180846488878,12133,0.3525669198517343
348001,-2.8412536696164787,12133,0.35151230421311214
349001,-3.245702827539902,12134,0.3504608431930393
350001,-3.939206791026721,12134,0.34941252735526435
351001,-3.4848745605058262,12134,0.3483673472917623
352001,-4.892956543398393,12134,0.34732529362264974
353001,-3.459551821402542,12134,0.3462863569961009
354001,-3.007000291905956,12134,0.34525052808826356
355001,-3.6429922407649054,12135,0.3442177976031756
356001,-4.13162541234203,12135,0.3431881562726814
357001,-3.692230244651178,12135,0.3421615948563486
358001,-5.08155269053176,12135,0.34113810414138546
359001,-3.702354719020742,12135,0.34011767494255785
360001,-3.1398372961735093,12136,0.339100298102107
361001,-3.8922717554275352,12136,0.3380859644896674
362001,-3.275230686132069,12136,0.3370746650021845
363001,-4.354912482104765,12136,0.3360663905638336
364001,-4.182713494820348,12137,0.3350611321259377
365001,-2.508294350320091,12137,0.3340588806668868
366001,-3.3513950420039627,12137,0.33305962719205695
367001,-4.400095477732394,12137,0.3320633627337291
368001,-3.1309373555118833,12138,0.331070078351009
369001,-4.503921859828449,12139,0.33007976512974685
370001,-2.7213874188061355,12139,0.3290924141824573
371001,-2.8819113531851377,12139,0.32810801664823974
372001,-3.819889119240495,12140,0.32712656369269855
373001,-3.8717722608803458,12140,0.32614804650786416
374001,-3.611429690121355,12140,0.3251724563121138
375001,-4.831197013837217,12140,0.3241997843500926
376001,-3.830329931233405,12141,0.3232300218926354
377001,-3.411881480588027,12141,0.3222631602366879
378001,-3.617625260082657,12141,0.3212991907052289
379001,-4.1163814006594395,12141,0.32033810464719237
380001,-3.489041089507507,12142,0.31937989343738976
381001,-4.348182767448924,12142,0.3184245484764326
382001,-4.568890160918353,12142,0.3174720611906553
383001,-3.853469884781988,12142,0.31652242303203826
384001,-2.645486312148843,12142,0.3155756254781312
385001,-3.557690270269338,12142,0.31463166003197657
386001,-4.519501459678802,12142,0.3136905182220333
387001,-3.3568086164614237,12143,0.31275219160210094
388001,-3.6902037392216913,12143,0.3118166717512436
389001,-4.188308212614868,12143,0.31088395027371457
390001,-3.1982207138889684,12144,0.3099540187988809
391001,-4.660338960460093,12145,0.3090268689811483
392001,-3.3611348781174377,12145,0.3081024924998862
393001,-2.251612927353797,12145,0.30718088105935315
394001,-3.933877402952361,12145,0.3062620263886224
395001,-4.731308686587803,12145,0.3053459202415074
396001,-3.013259277567057,12145,0.3044325543964883
397001,-3.4229843248296383,12145,0.3035219206566376
398001,-4.738389293564817,12146,0.302614010849547
399001,-3.4488020777408215,12146,0.3017088168272538
400001,-4.253522578372164,12146,0.30080633046616806
401001,-3.35897501131988,12146,0.2999065436669993
402001,-2.7636919234041657,12146,0.2990094483546843
403001,-3.228252636862689,12146,0.2981150364783141
404001,-3.3811349035582388,12147,0.2972233000110623
405001,-3.790543191142297,12147,0.29633423095011246
406001,-3.6380499883079422,12147,0.29544782131658676
407001,-3.8320645850591517,12147,0.2945640631554741
408001,-2.5689517664786146,12148,0.2936829485355589
409001,-4.615505964601629,12149,0.29280446954934963
410001,-2.738378190489244,12150,0.29192861831300826
411001,-4.323059906385234,12150,0.29105538696627914
412001,-2.862905087501879,12150,0.2901847676724187
413001,-3.9130809169215026,12150,0.28931675261812495
414001,-2.5142334831600954,12150,0.2884513340134675
415001,-3.394322543369808,12151,0.2875885040918176
416001,-3.8104559680048444,12151,0.2867282551097783
417001,-3.6335533491338077,12151,0.2858705793471152
418001,-4.83129243549255,12152,0.285015469106687
419001,-4.965084202756408,12152,0.2841629167143765
420001,-4.117198507612188,12152,0.28331291451902163
421001,-4.052087351645387,12153,0.282465454892347
422001,-2.5492923479617966,12153,0.2816205302288951
423001,-3.01136331670365,12154,0.28077813294595844
424001,-3.379034149840502,12156,0.27993825548351114
425001,-2.2292932291162493,12158,0.2791008903041413
426001,-3.6999173602578894,12158,0.2782660298929833
427001,-4.442218454283368,12158,0.27743366675765047
428001,-4.421001148160391,12158,0.2766037934281675
429001,-2.0971707836904727,12159,0.2757764024569038
430001,-3.7119875566415237,12159,0.2749514864185066
431001,-2.342566196256676,12159,0.27412903790983395
432001,-2.1872272994355337,12159,0.2733090495498887
433001,-3.2476888341313286,12159,0.2724915139797522
434001,-3.6059267312001007,12159,0.2716764238625179
435001,-4.729718275197605,12160,0.270863771883226
436001,-4.092756864593334,12160,0.2700535507487975
437001,-2.4414103070366826,12160,0.2692457531879688
438001,-2.949396426667696,12160,0.26844037195122644
439001,-4.002705364622452,12160,0.26763739981074214
440001,-2.259472591633337,12160,0.26683682956030774
441001,-2.757722626172888,12160,0.26603865401527077
442001,-3.176812247255273,12161,0.2652428660124698
443001,-3.117797560202757,12161,0.26444945841017026
444001,-3.7003531131815555,12161,0.2636584240880001
445001,-3.797919993020547,12161,0.26286975594688633
446001,-4.688619026468993,12161,0.2620834469089909
447001,-2.1408715093777935,12161,0.26129948991764734
448001,-4.3538673768678455,12161,0.2605178779372975
449001,-3.447608178158557,12162,0.2597386039534284
450001,-3.7653542913989204,12162,0.258961660972509
451001,-2.910953510305582,12162,0.2581870420219278
452001,-2.6866666427520505,12163,0.2574147401499302
453001,-2.498744511055341,12164,0.2566447484255559
454001,-2.1505833565653547,12164,0.25587705993857685
455001,-3.689948971330047,12164,0.2551116677994352
456001,-5.283487620460207,12164,0.25434856513918164
457001,-3.9760380120217844,12164,0.2535877451094134
458001,-4.048230251452077,12164,0.2528292008822131
459001,-4.185612486713982,12164,0.2520729256500874
460001,-3.2917796829753287,12165,0.2513189126259057
461001,-3.0849231919040214,12165,0.2505671550428396
462001,-2.4219929222401477,12165,0.24981764615430188
463001,-2.023922279227059,12165,0.24907037923388603
464001,-2.887761342993252,12166,0.24832534757530594
465001,-3.658611831318885,12166,0.24758254449233566
466001,-4.011312476749079,12166,0.2468419633187494
467001,-3.7228165818491505,12166,0.24610359740826177
468001,-2.7244371129225704,12166,0.24536744013446798
469001,-3.272348511156429,12166,0.24463348489078454
470001,-5.029774710334915,12167,0.2439017250903899
471001,-2.346806571229212,12167,0.2431721541661653
472001,-3.3101876870275233,12168,0.2424447655706359
473001,-2.8718206728820217,12168,0.241719552775912
474001,-3.2195710357559926,12168,0.24099650927363042
475001,-3.0174692430440175,12168,0.24027562857489612
476001,-3.2891588118467565,12168,0.23955690421022396
477001,-2.9979245253062956,12168,0.2388403297294807
478001,-2.592309983202564,12168,0.23812589870182696
479001,-2.5640558706878176,12168,0.2374136047156597
480001,-3.2324708836979257,12168,0.23670344137855454
481001,-2.5435169124279806,12169,0.23599540231720845
482001,-3.6907242958550883,12169,0.23528948117738252
483001,-2.898574658674967,12169,0.23458567162384497
484001,-2.9342798063574587,12169,0.23388396734031427
485001,-4.12303421595999,12169,0.23318436202940246
486001,-2.6424108345558195,12169,0.23248684941255868
487001,-3.5704048396403403,12169,0.23179142323001273
488001,-2.7128797017462594,12169,0.23109807724071896
489001,-2.178580761459471,12169,0.23040680522230025
490001,-2.394245811624639,12169,0.22971760097099217
491001,-2.89996837017395,12169,0.2290304583015873
492001,-2.2318186028472256,12169,0.2283453710473797
493001,-3.219205721869236,12169,0.2276623330601096
494001,-3.076711734775736,12169,0.2269813382099082
495001,-5.582104938964131,12169,0.2263023803852427
496001,-1.7518735364748035,12169,0.22562545349286134
497001,-3.2800088090175423,12169,0.2249505514577389
498001,-3.183154382759418,12169,0.224277668223022
499001,-2.896686275894013,12169,0.22360679774997486
500001,-4.229357826726966,12169,0.22293793401792503
501001,-3.0306241467626114,12169,0.22227107102420943
502001,-3.711923184378736,12169,0.2216062027841204
503001,-2.491169541752811,12169,0.2209433233308521
504001,-3.8049424175371316,12169,0.22028242671544684
505001,-3.0169692342020085,12169,0.21962350700674177
506001,-2.299406004757549,12170,0.21896655829131562
507001,-3.265101329828332,12170,0.21831157467343562
508001,-2.1720883241752027,12171,0.21765855027500466
509001,-3.631076149446615,12171,0.21700747923550845
510001,-2.6629399655420434,12171,0.21635835571196296
511001,-2.224909720765332,12171,0.215711173878862
512001,-2.8878110654966265,12171,0.21506592792812487
513001,-2.8993237097988613,12171,0.21442261206904437
514001,-3.614940624293804,12171,0.21378122052823467
515001,-3.5926422179991384,12171,0.21314174754957965
516001,-2.645145197581582,12172,0.21250418739418114
517001,-1.8372174289957954,12172,0.21186853434030745
518001,-2.243894502290175,12172,0.21123478268334198
519001,-2.8183287647447175,12172,0.2106029267357321
520001,-2.354268185945102,12172,0.20997296082693812
521001,-3.063654061222947,12172,0.20934487930338222
522001,-3.697635239011725,12172,0.20871867652839793
523001,-1.974258214054076,12172,0.20809434688217945
524001,-3.3574643162662725,12172,0.20747188476173123
525001,-2.633369043267573,12172,0.20685128458081764
526001,-3.1180058891305533,12172,0.20623254076991288
527001,-3.444758881649715,12172,0.20561564777615102
528001,-2.119979748470035,12172,0.2050006000632761
529001,-2.952072183042993,12172,0.20438739211159257
530001,-3.193031705245277,12172,0.20377601841791554
531001,-3.0999811827841417,12173,0.2031664734955216
532001,-2.4267291120440415,12173,0.2025587518740995
533001,-3.8149929012762187,12173,0.20195284809970102
534001,-2.5527239822921404,12173,0.20134875673469207
535001,-2.4365549034847356,12173,0.2007464723577039
536001,-2.532841526043757,12174,0.20014598956358443
537001,-2.8514604341092094,12174,0.1995473029633497
538001,-2.8105353641261113,12174,0.19895040718413556
539001,-2.2888886422440993,12174,0.1983552968691495
540001,-1.7331133018431348,12174,0.1977619666776224
541001,-2.5457144134844314,12174,0.1971704112847608
542001,-1.5868401758472828,12174,0.196580625381699
543001,-2.0943509108472083,12174,0.19599260367545143
544001,-3.0914922588816687,12174,0.1954063408888652
545001,-1.8195807397442803,12175,0.19482183176057263
546001,-3.3537610623112473,12176,0.19423907104494417
547001,-2.674207876231151,12176,0.19365805351204124
548001,-2.2700331007086776,12176,0.1930787739475693
549001,-2.6345371442082537,12176,0.19250122715283108
550001,-2.6760669987778436,12176,0.19192540794467988
551001,-2.6358236056797884,12176,0.19135131115547313
552001,-2.937579165289985,12176,0.19077893163302592
553001,-2.5552569037548083,12178,0.19020826424056486
554001,-1.5225055488805885,12178,0.1896393038566819
555001,-2.3988062667312557,12178,0.1890720453752884
556001,-2.727399995611427,12178,0.18850648370556933
557001,-1.7803855533864859,12178,0.18794261377193752
558001,-2.5909941210624057,12178,0.1873804305139882
559001,-1.9035024009970534,12178,0.18681992888645346
560001,-2.3467576025088084,12178,0.18626110385915712
561001,-2.507315408679652,12178,0.18570395041696947
562001,-2.04140425664553,12178,0.1851484635597623
563001,-2.3134942030954497,12178,0.18459463830236406
564001,-2.248692681783571,12178,0.18404246967451507
565001,-2.99384675384303,12179,0.18349195272082294
566001,-1.933978083805906,12179,0.18294308250071814
567001,-2.7219973837026155,12180,0.18239585408840953
568001,-3.1879044073363807,12180,0.1818502625728403
569001,-2.8402503696991195,12180,0.1813063030576438
570001,-2.8449770987984246,12180,0.18076397066109973
571001,-2.6556440268670927,12180,0.18022326051609008
572001,-3.4056624180221085,12180,0.17968416777005572
573001,-2.1014029744982627,12181,0.1791466875849527
574001,-2.3000257166846354,12182,0.17861081513720886
575001,-2.5786785224999473,12182,0.17807654561768058
576001,-1.699833407180396,12182,0.17754387423160953
577001,-1.9988351599352332,12182,0.17701279619857976
578001,-2.3399763946729673,12182,0.1764833067524747
579001,-2.0414747369099127,12183,0.17595540114143443
580001,-1.4831884999931033,12183,0.17542907462781304
581001,-1.2558387350010503,12183,0.1749043224881361
582001,-2.777168967696654,12183,0.17438114001305824
583001,-2.397827153101625,12183,0.17385952250732098
584001,-2.286879171872844,12183,0.17333946528971048
585001,-2.2268638087284307,12183,0.17282096369301556
586001,-2.544151255298557,12183,0.17230401306398588
587001,-3.120427368350455,12184,0.17178860876329013
588001,-2.4521840382474376,12184,0.1712747461654744
589001,-2.596233255433037,12184,0.17076242065892058
590001,-2.7016657343219874,12184,0.1702516276458052
591001,-2.4710145986409064,12184,0.16974236254205796
592001,-3.9135174489047726,12185,0.16923462077732063
593001,-1.6661339563265827,12187,0.1687283977949061
594001,-2.1152774659101246,12187,0.1682236890517574
595001,-2.1415014443649567,12187,0.16772049001840708
596001,-2.541154129782813,12188,0.16721879617893637
597001,-1.73109647476307,12189,0.16671860303093475
598001,-2.1299031747107526,12190,0.16621990608545953
599001,-2.870297323912678,12190,0.16572270086699561
600001,-1.7352174158197287,12190,0.16522698291341525
601001,-1.664188511855065,12190,0.16473274777593802
602001,-1.8016772921381186,12190,0.16423999101909095
603001,-2.1987057615811145,12190,0.16374870822066864
604001,-2.79491066641295,12190,0.16325889497169363
605001,-2.961236405967324,12190,0.1627705468763768
606001,-1.7838089355854412,12190,0.1622836595520779
607001,-2.880439649562125,12190,0.16179822862926635
608001,-2.2963323872289236,12190,0.16131424975148181
609001,-2.1166840488346006,12190,0.1608317185752953
610001,-1.7369237468729708,12190,0.16035063077027004
611001,-3.04558727770337,12191,0.15987098201892272
612001,-1.8933697167158337,12191,0.15939276801668467
613001,-3.279040969874321,12191,0.15891598447186328
614001,-1.983297908515712,12191,0.15844062710560344
615001,-1.6323435438302596,12191,0.15796669165184918
616001,-1.9930823784300646,12191,0.15749417385730538
617001,-2.5670790818364617,12191,0.15702306948139955
618001,-1.9287285893203148,12192,0.15655337429624383
619001,-2.0094898862391486,12193,0.15608508408659705
620001,-2.2515443939721265,12193,0.15561819464982685
621001,-2.3742085412731724,12193,0.15515270179587198
622001,-1.5298823248106175,12193,0.15468860134720477
623001,-2.3110863999661384,12194,0.1542258891387935
624001,-2.2356193330390193,12195,0.15376456101806518
625001,-2.027541297800788,12195,0.1533046128448681
626001,-2.0716204683453396,12195,0.15284604049143488
627001,-1.7204041438701687,12195,0.15238883984234525
628001,-2.545696124650359,12196,0.15193300679448923
629001,-2.4146153508742345,12196,0.15147853725703025
630001,-2.768813861830981,12196,0.15102542715136846
631001,-3.4493198326627814,12196,0.15057367241110411
632001,-2.482216838687991,12196,0.15012326898200107
633001,-2.103295401510807,12196,0.14967421282195043
634001,-2.4792685837393904,12196,0.14922649990093426
635001,-2.003068615086975,12196,0.14878012620098943
636001,-1.6275119965312743,12196,0.1483350877161715
637001,-1.6637250117869165,12196,0.14789138045251882
638001,-2.2073671702821698,12196,0.1474490004280167
639001,-2.0645285878020596,12196,0.14700794367256165
640001,-2.313707296034326,12198,0.14656820622792568
641001,-2.2724039861598504,12198,0.14612978414772096
642001,-3.2628698214157494,12198,0.1456926734973642
643001,-1.5433636809689628,12198,0.1452568703540415
644001,-2.9313385048533287,12198,0.144822370806673
645001,-1.5164167373215727,12199,0.14438917095587792
646001,-3.0483643290341775,12199,0.14395726691393945
647001,-1.9838001653760486,12199,0.14352665480476998
648001,-0.9019982234438837,12199,0.14309733076387615
649001,-1.8295361270876846,12200,0.14266929093832434
650001,-1.9312940825118616,12200,0.14224253148670601
651001,-1.8716602515058873,12201,0.14181704857910318
652001,-1.602042745094814,12201,0.1413928383970542
653001,-2.3632767615526236,12201,0.14096989713351926
654001,-2.6620198888239353,12201,0.14054822099284647
655001,-2.855143068181767,12201,0.14012780619073767
656001,-2.3263386932717887,12201,0.13970864895421442
657001,-2.0223369483839875,12201,0.13929074552158424
658001,-1.6868916825118092,12202,0.1388740921424068
659001,-2.4014624723086646,12202,0.13845868507746031
660001,-3.3044357491050675,12202,0.13804452059870786
661001,-1.9794095388001611,12202,0.13763159498926408
662001,-1.9992132671366778,12203,0.1372199045433617
663001,-1.5820795640641214,12203,0.13680944556631833
664001,-1.9396399344743738,12203,0.13640021437450334
665001,-4.268750502762651,12203,0.1359922072953047
666001,-1.5214424197149496,12204,0.1355854206670961
667001,-1.267044439832053,12204,0.1351798508392041
668001,-2.4123711040372418,12204,0.1347754941718753
669001,-1.281267533865383,12204,0.13437234703624368
670001,-3.0781483317514304,12205,0.13397040581429812
671001,-1.969207606096056,12205,0.13356966689884986
672001,-1.8575623325995374,12206,0.13317012669350015
673001,-2.570661342606016,12206,0.13277178161260791
674001,-1.1342203624571763,12206,0.13237462808125772
675001,-2.734879232585052,12206,0.1319786625352275
676001,-1.0333318611808013,12206,0.1315838814209567
677001,-1.4971522708989744,12206,0.13119028119551437
678001,-1.8884536329915722,12208,0.13079785832656737
679001,-1.4684608479604218,12209,0.1304066092923486
680001,-2.211810688081368,12211,0.13001653058162543
681001,-2.100066605935949,12211,0.12962761869366826
682001,-2.372592347737991,12212,0.12923987013821903
683001,-1.3696399224444031,12212,0.1288532814354599
684001,-2.3152538467787203,12212,0.12846784911598205
685001,-2.180272348532452,12212,0.1280835697207545
686001,-3.035970939264813,12212,0.1277004398010931
687001,-2.078241426232311,12213,0.1273184559186296
688001,-3.0046201697251385,12213,0.12693761464528078
689001,-2.2131304873198134,12213,0.1265579125632176
690001,-1.8668048749655821,12213,0.12617934626483468
691001,-2.1272315537661917,12213,0.12580191235271956
692001,-1.5853513776358805,12213,0.12542560743962236
693001,-1.3326536096325872,12214,0.1250504281484253
694001,-2.19065591695724,12214,0.12467637111211234
695001,-2.234255654147332,12214,0.1243034329737391
696001,-2.7241325335442914,12214,0.12393161038640262
697001,-1.392414004093636,12214,0.12356090001321136
698001,-2.138013850793002,12214,0.12319129852725527
699001,-1.9578607710891611,12214,0.12282280261157591
700001,-2.3054549046884096,12215,0.1224554089591367
701001,-0.9817183969251341,12215,0.12208911427279322
702001,-3.11435085567408,12215,0.12172391526526363
703001,-1.3615353562021726,12216,0.12135980865909919
704001,-3.0453564390099714,12216,0.12099679118665481
705001,-2.218682533416051,12216,0.12063485959005973
706001,-2.460151841653127,12216,0.12027401062118832
707001,-2.307692554354427,12216,0.1199142410416309
708001,-1.3166889889091826,12216,0.11955554762266467
709001,-2.0873796331172323,12216,0.11919792714522474
710001,-2.4786583670444484,12216,0.11884137639987528
711001,-1.7342493967924224,12218,0.11848589218678066
712001,-1.7540063450442613,12219,0.11813147131567674
713001,-1.6984334144402837,12219,0.11777811060584227
714001,-1.4823271954121324,12219,0.11742580688607036
715001,-2.355573001776299,12219,0.11707455699463995
716001,-1.7304884955591866,12219,0.1167243577792875
717001,-1.835618934736285,12220,0.11637520609717866
718001,-1.4116274874232138,12221,0.1160270988148801
719001,-1.6246065197137753,12221,0.11568003280833136
720001,-2.279007453979341,12221,0.11533400496281683
721001,-2.7294114665309013,12221,0.11498901217293778
722001,-1.5827536430653404,12221,0.11464505134258451
723001,-1.9793342559326295,12221,0.11430211938490857
724001,-1.5656225284198975,12221,0.11396021322229503
725001,-1.8343115507083223,12221,0.11361932978633488
726001,-1.6626778420864206,12221,0.11327946601779747
727001,-1.4233056029308777,12221,0.11294061886660309
728001,-1.609352817824356,12221,0.11260278529179557
729001,-1.1998437157673068,12221,0.11226596226151501
730001,-1.7397675914818067,12221,0.11193014675297057
731001,-2.238851529491088,12221,0.11159533575241329
732001,-2.918101622026952,12221,0.11126152625510913
733001,-1.887647579913558,12221,0.11092871526531192
734001,-1.3494878701402444,12221,0.11059689979623655
735001,-0.7114713930717939,12221,0.1102660768700321
736001,-2.2943075347836945,12221,0.10993624351775518
737001,-1.2885785063032063,12221,0.1096073967793432
738001,-1.5275460809217072,12222,0.10927953370358791
739001,-2.054915787838271,12222,0.10895265134810882
740001,-2.151103072690451,12222,0.10862674677932686
741001,-2.0777128097026933,12222,0.10830181707243802
742001,-0.8146205325551031,12222,0.10797785931138709
743001,-1.4124061384182593,12222,0.10765487058884154
744001,-0.6533797411977547,12222,0.10733284800616538
745001,-2.5228911693551295,12222,0.10701178867339316
746001,-3.027224837776541,12222,0.10669168970920404
747001,-1.6514015197241814,12222,0.10637254824089593
748001,-1.2626222255842923,12223,0.10605436140435971
749001,-1.8041900462002236,12223,0.10573712634405355
750001,-1.5248490392258045,12223,0.10542084021297721
751001,-1.8279316177607838,12223,0.10510550017264657
752001,-2.9523879133436224,12223,0.10479110339306812
753001,-2.0427038024825226,12223,0.10447764705271356
754001,-1.7436098135760543,12223,0.1041651283384945
755001,-1.8147412338881819,12223,0.10385354444573719
756001,-2.670802657224639,12223,0.10354289257815734
757001,-1.650752061822963,12223,0.10323316994783507
758001,-0.9852929172407915,12223,0.10292437377518987
759001,-1.9513580220111286,12223,0.10261650128895561
760001,-1.5576203956105403,12223,0.10230954972615575
761001,-1.5072478035403722,12223,0.10200351633207848
762001,-1.1339213113317699,12223,0.10169839836025202
763001,-1.8483719063612516,12223,0.10139419307242
764001,-1.2812889933568443,12224,0.10109089773851682
765001,-2.127141680862594,12224,0.1007885096366432
766001,-1.266510368482062,12225,0.10048702605304174
767001,-1.7640539207094477,12225,0.1001864442820726
768001,-2.791568395795756,12225,0.09988676162618913
769001,-0.9844116846800117,12225,0.09958797539591376
770001,-1.6544302014168923,12225,0.09929008290981377
771001,-2.116052374349094,12225,0.0989930814944773
772001,-1.2161129142204707,12226,0.09869696848448936
773001,-1.1563040998698177,12226,0.09840174122240784
774001,-1.921698442261124,12226,0.09810739705873972
775001,-2.4827609103156036,12226,0.09781393335191728
776001,-2.319491565156515,12226,0.09752134746827437
777001,-2.537425021755412,12226,0.09722963678202282
778001,-1.6793696161626221,12226,0.09693879867522881
779001,-0.9963649995915518,12226,0.09664883053778944
780001,-1.545128950295754,12226,0.09635972976740928
781001,-1.498400374940141,12227,0.09607149376957701
782001,-1.0873971610159316,12227,0.09578411995754213
783001,-1.4948108305694172,12227,0.09549760575229177
784001,-2.264174456916151,12227,0.09521194858252753
785001,-0.9520638412490061,12227,0.0949271458846424
786001,-1.589394584630575,12227,0.09464319510269777
787001,-2.776581528215451,12227,0.09436009368840045
788001,-1.9338016195049552,12227,0.09407783910107988
789001,-1.5145696743943369,12227,0.09379642880766521
790001,-1.126364079249236,12227,0.09351586028266272
791001,-1.5285783114472045,12227,0.09323613100813301
792001,-1.5945394284203527,12227,0.09295723847366848
793001,-1.7578500391364305,12227,0.09267918017637079
794001,-2.2849406071669183,12227,0.09240195362082841
795001,-1.4572810069011704,12227,0.09212555631909419
796001,-1.0807715203445885,12227,0.09184998579066304
797001,-1.8129576307174495,12227,0.09157523956244971
798001,-1.0982757546123727,12227,0.09130131516876654
799001,-1.7287837019268841,12227,0.09102821015130136
800001,-1.4639600330001543,12227,0.09075592205909544
801001,-1.6916961456904858,12227,0.09048444844852147
802001,-1.8309005205217659,12227,0.09021378688326162
803001,-2.8669179450471964,12227,0.08994393493428574
804001,-1.7423166047147334,12227,0.08967489017982946
805001,-0.5262634019039137,12228,0.08940665020537257
806001,-1.0288433993935695,12228,0.08913921260361725
807001,-1.0282935481296551,12228,0.08887257497446652
808001,-2.033114276346507,12228,0.08860673492500269
809001,-0.9712988015347849,12228,0.08834169006946589
810001,-1.3125255045682895,12228,0.08807743802923265
811001,-1.8812438533749407,12229,0.08781397643279455
812001,-2.2254481469868095,12229,0.08755130291573694
813001,-2.114588505893677,12229,0.08728941512071774
814001,-1.329940285871672,12229,0.08702831069744625
815001,-1.8730080005514373,12229,0.0867679873026621
816001,-2.708369185809262,12229,0.08650844260011417
817001,-1.6460499988081043,12229,0.08624967426053967
818001,-1.8831255861224279,12229,0.08599167996164321
819001,-1.6608736882714983,12229,0.08573445738807596
820001,-1.4713503491293747,12229,0.08547800423141488
821001,-1.2679645391727083,12230,0.085222318190142
822001,-1.457752638634587,12230,0.08496739696962377
823001,-1.457046994241858,12230,0.08471323828209044
824001,-2.173920936621984,12230,0.08445983984661559
825001,-2.1229974852414455,12230,0.08420719938909557
826001,-1.1571787373341373,12230,0.08395531464222919
827001,-1.5223325608293374,12230,0.08370418334549729
828001,-1.4001709976386034,12230,0.0834538032451425
829001,-2.270573945626066,12230,0.08320417209414899
830001,-2.055768012544475,12230,0.08295528765222233
831001,-1.3848940729907593,12230,0.08270714768576937
832001,-1.7604288863540436,12230,0.08245974996787818
833001,-1.2997950040062363,12230,0.0822130922782981
834001,-0.9991972838718283,12230,0.08196717240341976
835001,-1.5666862730541975,12230,0.08172198813625528
836001,-2.0861194368618627,12230,0.08147753727641842
837001,-0.9260881523970088,12230,0.08123381763010484
838001,-1.5737076362638278,12230,0.08099082701007243
839001,-1.8944481254621448,12230,0.08074856323562166
840001,-2.664466980413495,12230,0.080507024132576
841001,-1.654445776954018,12230,0.08026620753326245
842001,-0.9236320083897229,12231,0.08002611127649205
843001,-1.661851632325579,12231,0.0797867332075405
844001,-1.8723711742425002,12231,0.0795480711781288
845001,-1.8822096503243066,12231,0.07931012304640402
846001,-1.3414213286378955,12231,0.07907288667692
847001,-1.3919512666191898,12231,0.07883635994061829
848001,-2.1396123202673576,12231,0.07860054071480894
849001,-2.184454112994934,12231,0.07836542688315153
850001,-2.082497293623951,12231,0.0781310163356361
851001,-1.9437682579074789,12232,0.0778973069685643
852001,-1.3729424463560775,12232,0.07766429668453043
853001,-1.576641082790399,12232,0.07743198339240268
854001,-1.401766688431589,12232,0.07720036500730432
855001,-1.3013788319927038,12232,0.07696943945059502
856001,-2.630694203876128,12232,0.07673920464985219
857001,-1.472324447931102,12232,0.07650965853885235
858001,-0.7314320457828248,12233,0.0762807990575526
859001,-1.3055438934376795,12233,0.07605262415207219
860001,-0.811828681461094,12234,0.075825131774674
861001,-1.537381652370485,12234,0.07559831988374621
862001,-1.1292494617173667,12234,0.07537218644378399
863001,-1.3972080202203516,12234,0.07514672942537118
864001,-0.8849357164958656,12234,0.07492194680516213
865001,-2.3572015881186474,12234,0.07469783656586354
866001,-2.360592453812793,12234,0.07447439669621629
867001,-1.3621163345461897,12234,0.07425162519097749
868001,-1.7720962628495402,12235,0.07402952005090238
869001,-0.9314951550312784,12236,0.0738080792827265
870001,-1.9985188814117802,12236,0.07358730089914768
871001,-1.5755356699142946,12237,0.07336718291880831
872001,-1.797738797735731,12237,0.07314772336627749
873001,-2.1659572128869526,12237,0.07292892027203336
874001,-2.375759145789993,12237,0.07271077167244534
875001,-1.2637701919073006,12237,0.07249327560975662
876001,-1.052480016597101,12238,0.07227643013206646
877001,-1.2069356095554802,12238,0.0720602332933128
878001,-0.7473304702941925,12238,0.07184468315325472
879001,-0.6870490310208797,12238,0.07162977777745502
880001,-1.0246902364118797,12238,0.07141551523726293
881001,-0.9213905432997699,12238,0.07120189360979672
882001,-1.3779752482218495,12238,0.07098891097792648
883001,-2.693051522392696,12238,0.07077656543025694
884001,-2.297495672044409,12238,0.07056485506111028
885001,-0.9201602207282228,12238,0.07035377797050901
886001,-2.2512688884483856,12238,0.07014333226415899
887001,-1.9452869610881938,12238,0.06993351605343236
888001,-1.4738091029436609,12238,0.06972432745535061
889001,-2.2944455785044493,12238,0.06951576459256771
890001,-0.7527236032956459,12238,0.06930782559335324
891001,-1.5589428410156256,12238,0.06910050859157559
892001,-3.377917964411567,12238,0.06889381172668518
893001,-3.30948426156998,12238,0.06868773314369785
894001,-1.6334761317899198,12238,0.06848227099317813
895001,-1.8342101442669374,12238,0.0682774234312227
896001,-1.935512185593827,12238,0.06807318861944378
897001,-1.4954524778087452,12238,0.06786956472495267
898001,-1.2542914532819807,12238,0.06766654992034334
899001,-1.532969731884731,12238,0.06746414238367594
900001,-1.264286877981855,12238,0.06726234029846052
901001,-1.241179742021915,12238,0.0670611418536407
902001,-1.3492098003968673,12238,0.06686054524357743
903001,-1.4675494292235298,12238,0.06666054866803275
904001,-0.7094342005913185,12238,0.06646115033215369
905001,-2.750694994133037,12238,0.06626234844645612
906001,-3.0741355894426152,12238,0.06606414122680872
907001,-1.4846121259085912,12238,0.06586652689441691
908001,-1.1778772433163975,12238,0.06566950367580697
909001,-1.2732142431880493,12238,0.06547306980281008
910001,-1.685013384765103,12238,0.06527722351254643
911001,-2.2386866113737978,12238,0.06508196304740944
912001,-1.7749197712392164,12238,0.06488728665504997
913001,-1.3390156545830476,12238,0.06469319258836059
914001,-1.8188867569804894,12239,0.0644996791054599
915001,-1.228064573580545,12239,0.0643067444696769
916001,-1.2131365822589175,12239,0.0641143869495354
917001,-2.3259312031722,12239,0.06392260481873854
918001,-1.3346935224953682,12239,0.06373139635615319
919001,-0.7584314175329444,12239,0.06354075984579455
920001,-1.0758846597246636,12239,0.06335069357681081
921001,-1.6429596379125524,12239,0.0631611958434677
922001,-2.23311831574483,12239,0.06297226494513325
923001,-2.570048887818632,12240,0.0627838991862625
924001,-1.7534524866771648,12240,0.06259609687638228
925001,-1.3970948383303257,12240,0.062408856330076055
926001,-1.7728740105016818,12240,0.06222217586696879
927001,-1.8472620671568254,12240,0.06203605381171188
928001,-1.4129187403053887,12241,0.061850488493968084
929001,-1.7083205334901461,12241,0.06166547824839658
930001,-0.8825045839500232,12241,0.061481021414637974
931001,-1.3583533906484828,12241,0.061297116337299444
932001,-1.4189070684954497,12241,0.061113761365939843
933001,-1.4955215152632246,12241,0.06093095485505491
934001,-2.2136593803569613,12241,0.060748695164062505
935001,-0.7536782984085867,12241,0.06056698065728787
936001,-1.3300944256844673,12241,0.06038580970394896
937001,-1.1344645151027712,12241,0.06020518067814181
938001,-1.481222148374749,12241,0.06002509195882594
939001,-1.5388124094710682,12241,0.059845541929809794
940001,-1.457263467045293,12241,0.05966652897973627
941001,-1.2934990834132,12241,0.059488051502068214
942001,-1.6367769560634469,12241,0.05931010789507404
943001,-0.911384381700941,12241,0.05913269656181335
944001,-0.9579566476036971,12242,0.05895581591012257
945001,-0.7550979123122267,12242,0.05877946435260069
946001,-2.2411430823372323,12242,0.058603640306595026
947001,-1.163375314455572,12242,0.058428342194186994
948001,-0.9040994798398133,12242,0.05825356844217796
949001,-0.8780055477081996,12242,0.058079317482075114
950001,-1.5308885249039386,12242,0.05790558775007741
951001,-1.5059206775024538,12242,0.05773237768706151
952001,-1.3528736400625299,12242,0.05755968573856782
953001,-1.887024417040277,12242,0.057387510354786495
954001,-1.5761047849029994,12242,0.057215849990543584
955001,-1.2705903181974967,12242,0.05704470310528713
956001,-0.8462026458037792,12242,0.05687406816307334
957001,-0.7714774974512203,12242,0.05670394363255282
958001,-1.4214922460347617,12242,0.05653432798695684
959001,-0.9172061830225507,12242,0.056365219704083584
960001,-1.348692598824765,12242,0.05619661726628455
961001,-1.527637915639442,12243,0.05602851916045088
962001,-1.5528278639271176,12243,0.05586092387799982
963001,-1.9664181805914165,12244,0.055693829914861145
964001,-1.65119449810948,12244,0.0555272357714637
965001,-0.8763952342974282,12245,0.055361139952721905
966001,-1.2551301197456792,12245,0.055195540968022365
967001,-0.6542978305777973,12245,0.05503043733121048
968001,-2.285749558644977,12245,0.0548658275605771
969001,-0.5396445617160559,12245,0.054701710178845245
970001,-1.1865200759748635,12245,0.05453808371315684
971001,-1.634732295801193,12245,0.05437494669505949
972001,-1.5737448277220167,12245,0.05421229766049331
973001,-1.0123416304733772,12245,0.05405013514977779
974001,-2.0578514420760188,12245,0.053888457707598675
975001,-0.6322509450823423,12246,0.05372726388299493
976001,-0.5800024132153216,12246,0.053566552229345706
977001,-2.1033358592107123,12246,0.05340632130435735
978001,-0.7657650194728726,12246,0.053246569670050474
979001,-0.7298089522378318,12246,0.05308729589274705
980001,-1.3419457427081334,12246,0.05292849854305753
981001,-1.5367718829512338,12246,0.052770176195868025
982001,-1.7222312865966007,12247,0.05261232743032754
983001,-1.1096554372292733,12247,0.052454950829835166
984001,-1.574397050068637,12247,0.052298044982027427
985001,-1.5801337667456015,12247,0.05214160847876556
986001,-2.1395301750183155,12247,0.051985639916122914
987001,-2.120887936435693,12247,0.051830137894372325
988001,-1.537152309025906,12247,0.051675101017973554
989001,-0.5437586302500668,12247,0.05152052789556079
990001,-1.5499971253121847,12247,0.05136641713993012
991001,-1.0307905517349722,12247,0.05121276736802713
992001,-1.3729573475592238,12247,0.051059577200934445
993001,-1.3465523116074753,12247,0.05090684526385939
994001,-1.1731610992870025,12247,0.05075457018612163
995001,-1.8499071915918037,12247,0.05060275060114088
996001,-1.4642326937375416,12247,0.050451385146424645
997001,-1.0698959519106643,12247,0.05030047246355597
998001,-2.5374872065154674,12247,0.05015001119818128
999001,-0.7319582272132874,12247,0.05
